<?xml version="1.0" encoding="UTF-8"?>
<project-private xmlns="http://www.netbeans.org/ns/project-private/1">
    <editor-bookmarks xmlns="http://www.netbeans.org/ns/editor-bookmarks/2" lastBookmarkId="0"/>
    <open-files xmlns="http://www.netbeans.org/ns/projectui-open-files/2">
        <group>
            <file>file:/C:/Users/VTB/Documents/NetBeansProjects/ChatApplication/src/Server/chat-icon.png</file>
            <file>file:/C:/Users/VTB/Documents/NetBeansProjects/ChatApplication/src/Utility/Encrytion/GenerateKeys.java</file>
            <file>file:/C:/Users/VTB/Documents/NetBeansProjects/ChatApplication/src/html-https/index.html</file>
            <file>file:/C:/Users/VTB/Documents/NetBeansProjects/ChatApplication/src/Client/ReceivingFileThread.java</file>
            <file>file:/C:/Users/VTB/Documents/NetBeansProjects/ChatApplication/src/html-https/index.js</file>
            <file>file:/C:/Users/VTB/Documents/NetBeansProjects/ChatApplication/src/html-https/webchat.js</file>
            <file>file:/C:/Users/VTB/Documents/NetBeansProjects/ChatApplication/src/html-https/index.css</file>
            <file>file:/C:/Users/VTB/Documents/NetBeansProjects/ChatApplication/src/Server/ListUserThread.java</file>
            <file>file:/C:/Users/VTB/Documents/NetBeansProjects/ChatApplication/src/Utility/Encrytion/AsymmetricCryptography.java</file>
            <file>file:/C:/Users/VTB/Documents/NetBeansProjects/ChatApplication/src/Client/ClientMain.java</file>
            <file>file:/C:/Users/VTB/Documents/NetBeansProjects/ChatApplication/src/Client/Chat.java</file>
            <file>file:/C:/Users/VTB/Documents/NetBeansProjects/ChatApplication/src/Utility/Encrytion/AESEncryption.java</file>
            <file>file:/C:/Users/VTB/Documents/NetBeansProjects/ChatApplication/src/Utility/Client.java</file>
        </group>
    </open-files>
</project-private>
