[ {
  "iD" : 1,
  "userName" : "dung",
  "password" : "202cb962ac59075b964b07152d234b70",
  "status" : "offline"
}, {
  "iD" : 2,
  "userName" : "nguyen",
  "password" : "202cb962ac59075b964b07152d234b70",
  "status" : "offline"
}, {
  "iD" : 3,
  "userName" : "nhan",
  "password" : "202cb962ac59075b964b07152d234b70",
  "status" : "offline"
}, {
  "iD" : 4,
  "userName" : "test",
  "password" : "202cb962ac59075b964b07152d234b70",
  "status" : "offline"
}, {
  "iD" : 5,
  "userName" : "vtb",
  "password" : "202cb962ac59075b964b07152d234b70",
  "status" : "offline"
}, {
  "iD" : 6,
  "userName" : "cuong",
  "password" : "202cb962ac59075b964b07152d234b70",
  "status" : "offline"
}, {
  "iD" : 7,
  "userName" : "emrys",
  "password" : "202cb962ac59075b964b07152d234b70",
  "status" : "offline"
}, {
  "iD" : 8,
  "userName" : "merlin",
  "password" : "202cb962ac59075b964b07152d234b70",
  "status" : "offline"
}, {
  "iD" : 9,
  "userName" : "sang",
  "password" : "202cb962ac59075b964b07152d234b70",
  "status" : "offline"
} ]